REF10001;Produit REF10001;10;2024-01-15
REF10002;Produit REF10002;20;2024-02-20
REF10003;Produit REF10003;30;2024-03-25
REF10004;Produit REF10004;40;2024-04-30
REF10005;Produit REF10005;50;2024-05-05
REF10006;Produit REF10006;60;2024-06-10
REF10007;Produit REF10007;70;2024-07-15
REF10008;Produit REF10008;80;2024-08-20
REF10009;Produit REF10009;90;2024-09-25
REF10010;Produit REF10010;100;2024-10-30
REF10011;Produit REF10011;15;2024-01-20
REF10012;Produit REF10012;25;2024-02-25
REF10013;Produit REF10013;35;2024-03-30
REF10014;Produit REF10014;45;2024-04-05
REF10015;Produit REF10015;55;2024-05-10
REF10016;Produit REF10016;65;2024-06-15
REF10017;Produit REF10017;75;2024-07-20
REF10018;Produit REF10018;85;2024-08-25
REF10019;Produit REF10019;95;2024-09-30
REF10020;Produit REF10020;105;2024-10-05
REF10021;Produit REF10021;12;2024-01-25
REF10022;Produit REF10022;22;2024-02-30
REF10023;Produit REF10023;32;2024-03-05
REF10024;Produit REF10024;42;2024-04-10
REF10025;Produit REF10025;52;2024-05-15
REF10026;Produit REF10026;62;2024-06-20
REF10027;Produit REF10027;72;2024-07-25
REF10028;Produit REF10028;82;2024-08-30
REF10029;Produit REF10029;92;2024-09-05
REF10030;Produit REF10030;102;2024-10-10
REF10031;Produit REF10031;18;2024-01-30
REF10032;Produit REF10032;28;2024-02-05
REF10033;Produit REF10033;38;2024-03-10
REF10034;Produit REF10034;48;2024-04-15
REF10035;Produit REF10035;58;2024-05-20
REF10036;Produit REF10036;68;2024-06-25
REF10037;Produit REF10037;78;2024-07-30
REF10038;Produit REF10038;88;2024-08-05
REF10039;Produit REF10039;98;2024-09-10
REF10040;Produit REF10040;108;2024-10-15
REF10041;Produit REF10041;14;2024-01-05
REF10042;Produit REF10042;24;2024-02-10
REF10043;Produit REF10043;34;2024-03-15
REF10044;Produit REF10044;44;2024-04-20
REF10045;Produit REF10045;54;2024-05-25
REF10046;Produit REF10046;64;2024-06-30
REF10047;Produit REF10047;74;2024-07-05
REF10048;Produit REF10048;84;2024-08-10
REF10049;Produit REF10049;94;2024-09-15
REF10050;Produit REF10050;104;2024-10-20